doc_id,filename,corpus_role,citation_no,first_author,year,title,journal,doi,pubmed_link,full_citation
HAE_019,DGA_2_WebseiteLeitl_Englisch_160114.pdf,haystack,1,Bork K,2011,"German Guideline for Hereditary Angioedema due to C1-INH Deficiency. Guideline of the German Society for Angioedema Research (DGA), et al",,,https://pubmed.ncbi.nlm.nih.gov/?term=Bork K+2011+hereditary+angioedema,"Bork K, Maurer M, Bas M, Hartmann K, Biedermann T, Kreuz W, et al. German Guideline for Hereditary Angioedema due to C1-INH Deficiency. Guideline of the German Society for Angioedema Research (DGA), et al. 2011."
HAE_030,PIIS1081120612008125.pdf,haystack,2,Lang DM,2012,International consensus on hereditary and acquired angioedema. Ann Allergy Asthma Immunol,,10.1016/j.anai.2012.10.008,https://pubmed.ncbi.nlm.nih.gov/?term=10.1016/j.anai.2012.10.008%5Bdoi%5D,"Lang DM, Aberer W, Bernstein JA, Chng HH, Grumach AS, Hide M, et al. International consensus on hereditary and acquired angioedema. Ann Allergy Asthma Immunol. 2012;109:395-402. doi: 10.1016/j.anai.2012.10.008"
HAE_008,10.1160@th12-08-0549.pdf,haystack,3,Björkqvist J,2013,Hereditary angioedema: a bradykinin-mediated swelling disorder. Thromb Haemost,,10.1160/TH12-08-0549,https://pubmed.ncbi.nlm.nih.gov/?term=10.1160/TH12-08-0549%5Bdoi%5D,"Björkqvist J, Sala-Cunill A, Renné T. Hereditary angioedema: a bradykinin-mediated swelling disorder. Thromb Haemost. 2013;109(3):368-74. doi: 10.1160/TH12-08-0549"
HAE_138,zuraw2013.pdf,haystack,4,Zuraw BL,2013,"A focused parameter update: Hereditary angioedema, acquired C1 inhibitor deficiency, and angiotensin-converting enzyme inhibitor–associated angioedema. J Allergy Clin Immunol",,10.1016/j.jaci.2013.03.034,https://pubmed.ncbi.nlm.nih.gov/?term=10.1016/j.jaci.2013.03.034%5Bdoi%5D,"Zuraw BL, Bernstein JA, Lang DM, Craig T, Dreyfus D, Hsieh F, et al. A focused parameter update: Hereditary angioedema, acquired C1 inhibitor deficiency, and angiotensin-converting enzyme inhibitor–associated angioedema. J Allergy Clin Immunol. 2013;131:1491-3. doi: 10.1016/j.jaci.2013.03.034"
,,haystack,5,Longhurst HJ,2014,C1 inhibitor deficiency: 2014 United Kingdom consensus document. Clin Exp Immunol,,10.1111/cei.12584,https://pubmed.ncbi.nlm.nih.gov/?term=10.1111/cei.12584%5Bdoi%5D,"Longhurst HJ, Tarzi MD, Ashworth F, Bethune C, Cale C, Dempster J, et al. C1 inhibitor deficiency: 2014 United Kingdom consensus document. Clin Exp Immunol. 2015;180(3):475-83. doi: 10.1111/cei.12584"
HAE_126,ref_133_10.1371_journal.pone.0142174.pdf,haystack,6,Andrejević S,2015,Hereditary Angioedema Due to C1 Inhibitor Deficiency in Serbia: Two Novel Mutations and Evidence of Genotype-Phenotype Association. PLoS ONE,,10.1371/journal.pone.0142174,https://pubmed.ncbi.nlm.nih.gov/?term=10.1371/journal.pone.0142174%5Bdoi%5D,"Andrejević S, Korošec P, Šilar M, Košnik M, Mijanović R, Bonači-Nikolić B, et al. Hereditary Angioedema Due to C1 Inhibitor Deficiency in Serbia: Two Novel Mutations and Evidence of Genotype-Phenotype Association. PLoS ONE. 2015;10(11):e0142174. doi: 10.1371/journal.pone.0142174"
HAE_040,bernstein2015.pdf,haystack,7,Bernstein JA,2015,Facilitating home-based treatment of hereditary angioedema. Allergy Asthma Proc,,10.2500/aap.2015.36.3820,https://pubmed.ncbi.nlm.nih.gov/?term=10.2500/aap.2015.36.3820%5Bdoi%5D,"Bernstein JA, Riedl M, Zacek L, Shapiro RS. Facilitating home-based treatment of hereditary angioedema. Allergy Asthma Proc. 2015 Mar-Apr;36(2):92-9. doi: 10.2500/aap.2015.36.3820"
HAE_021,JCI77139.pdf,haystack,8,Björkqvist J,2015,Defective glycosylation of coagulation factor XII underlies hereditary angioedema type III. J Clin Invest,,10.1172/JCI77139,https://pubmed.ncbi.nlm.nih.gov/?term=10.1172/JCI77139%5Bdoi%5D,"Björkqvist J, de Maat S, Lewandrowski U, Di Gennaro A, Oschatz C, Schönig K, et al. Defective glycosylation of coagulation factor XII underlies hereditary angioedema type III. J Clin Invest. 2015;125(8):3132-46. doi: 10.1172/JCI77139"
HAE_041,bork2015.pdf,haystack,9,Bork K,2015,Hereditary angioedema with normal C1-INH with versus without specific F12 gene mutations. Allergy,,10.1111/all.12648,https://pubmed.ncbi.nlm.nih.gov/?term=10.1111/all.12648%5Bdoi%5D,"Bork K, Wulff K, Witzke G, Hardt J. Hereditary angioedema with normal C1-INH with versus without specific F12 gene mutations. Allergy. 2015;70(8):1004-12. doi: 10.1111/all.12648"
HAE_013,Allergy - 2014 - Joseph - A novel assay to diagnose hereditary angioedema utilizing inhibition of bradykinin‐forming.pdf,haystack,10,Joseph K,2015,A novel assay to diagnose hereditary angioedema utilizing inhibition of bradykinin-forming enzymes. Allergy,,10.1111/all.12521,https://pubmed.ncbi.nlm.nih.gov/?term=10.1111/all.12521%5Bdoi%5D,"Joseph K, Bains K, Tholanikunnel BG, Bygum A, Aygören-Pürsün E, Bork K, et al. A novel assay to diagnose hereditary angioedema utilizing inhibition of bradykinin-forming enzymes. Allergy. 2015;70(1):115-9. doi: 10.1111/all.12521"
HAE_056,moldovan2015.pdf,haystack,11,Moldovan D,2015,Recombinant replacement therapy for hereditary angioedema due to C1 inhibitor deficiency. Immunotherapy,,10.2217/IMT.15.44,https://pubmed.ncbi.nlm.nih.gov/?term=10.2217/IMT.15.44%5Bdoi%5D,"Moldovan D, Bernstein JA, Cicardi M. Recombinant replacement therapy for hereditary angioedema due to C1 inhibitor deficiency. Immunotherapy. 2015;7(8):887-900. doi: 10.2217/IMT.15.44"
,,haystack,12,Patel N,2015,Hereditary Angioedema and Gastrointestinal Complications: An Extensive Review of the Literature. Case Rep Immunol,,10.1155/2015/925861,https://pubmed.ncbi.nlm.nih.gov/?term=10.1155/2015/925861%5Bdoi%5D,"Patel N, Suarez LD, Kapur S, Bielory L. Hereditary Angioedema and Gastrointestinal Complications: An Extensive Review of the Literature. Case Rep Immunol. 2015;2015:925861. doi: 10.1155/2015/925861"
HAE_120,ref_112_10.2500_ar.2015.6.0112.pdf,haystack,13,Williams AH,2015,Perioperative management for patients with hereditary angioedema. Allergy Rhinol (Providence),,10.2500/ar.2015.6.0112,https://pubmed.ncbi.nlm.nih.gov/?term=10.2500/ar.2015.6.0112%5Bdoi%5D,"Williams AH, Craig TJ. Perioperative management for patients with hereditary angioedema. Allergy Rhinol (Providence). 2015;6(1):50-55. doi: 10.2500/ar.2015.6.0112"
HAE_137,wu2015.pdf,haystack,14,Wu MA,2015,Current treatment options for hereditary angioedema due to C1 inhibitor deficiency. Expert Opin Pharmacother,,10.1517/14656566.2016.1104300,https://pubmed.ncbi.nlm.nih.gov/?term=10.1517/14656566.2016.1104300%5Bdoi%5D,"Wu MA, Zanichelli A, Mansi M, Cicardi M. Current treatment options for hereditary angioedema due to C1 inhibitor deficiency. Expert Opin Pharmacother. 2015. doi: 10.1517/14656566.2016.1104300"
HAE_127,ref_136_10.1186_s13023-015-0233-x.pdf,haystack,15,Zanichelli A,2015,A nationwide survey of hereditary angioedema due to C1 inhibitor deficiency in Italy. Orphanet J Rare Dis,,10.1186/s13023-015-0233-x,https://pubmed.ncbi.nlm.nih.gov/?term=10.1186/s13023-015-0233-x%5Bdoi%5D,"Zanichelli A, Arcoleo F, Barca MP, Borrelli P, Bova M, Cancian M, et al. A nationwide survey of hereditary angioedema due to C1 inhibitor deficiency in Italy. Orphanet J Rare Dis. 2015;10:11. doi: 10.1186/s13023-015-0233-x"
,,haystack,16,Zanichelli A,2015,Efficacy of on-demand treatment in reducing morbidity in patients with hereditary angioedema due to C1-inhibitor deficiency: results from the Icatibant Outcome Survey. Allergy,,10.1111/all.12555,https://pubmed.ncbi.nlm.nih.gov/?term=10.1111/all.12555%5Bdoi%5D,"Zanichelli A, Magerl M, Longhurst H, Aberer W, Bouillet L, Fabien V, et al. Efficacy of on-demand treatment in reducing morbidity in patients with hereditary angioedema due to C1-inhibitor deficiency: results from the Icatibant Outcome Survey. Allergy. 2015;70(2):218-22. doi: 10.1111/all.12555"
,,haystack,17,Zuraw BL,2015,Phase II study results of a replacement therapy for hereditary angioedema with subcutaneous C1-inhibitor concentrate. Allergy,,10.1111/all.12658,https://pubmed.ncbi.nlm.nih.gov/?term=10.1111/all.12658%5Bdoi%5D,"Zuraw BL, Cicardi M, Longhurst HJ, Bernstein JA, Li HH, Magerl M, et al. Phase II study results of a replacement therapy for hereditary angioedema with subcutaneous C1-inhibitor concentrate. Allergy. 2015;70:1319-1328. doi: 10.1111/all.12658"
HAE_042,christiansen2016.pdf,haystack,18,Christiansen SC,2016,"Pediatric Hereditary Angioedema: Onset, Diagnostic Delay, and Disease Severity. Clin Pediatr (Phila)",,10.1177/0009922815616886,https://pubmed.ncbi.nlm.nih.gov/?term=10.1177/0009922815616886%5Bdoi%5D,"Christiansen SC, Davis DK, Castaldo AJ, Zuraw BL. Pediatric Hereditary Angioedema: Onset, Diagnostic Delay, and Disease Severity. Clin Pediatr (Phila). 2016;55(10):935-42. doi: 10.1177/0009922815616886"
HAE_045,frank2016.pdf,haystack,19,Frank MM,2016,Management of Children With Hereditary Angioedema Due to C1 Inhibitor Deficiency. Pediatrics,,10.1542/peds.2016-0575,https://pubmed.ncbi.nlm.nih.gov/?term=10.1542/peds.2016-0575%5Bdoi%5D,"Frank MM, Zuraw B, Banerji A, Bernstein JA, Craig T, Busse P, et al. Management of Children With Hereditary Angioedema Due to C1 Inhibitor Deficiency. Pediatrics. 2016;138(5):e20160575. doi: 10.1542/peds.2016-0575"
HAE_046,fu-et-al-2016-review-of-hereditary-angioedema.pdf,haystack,20,Fu LW,2016,Review of hereditary angioedema. LymphoSign Journal,,10.14785/lymphosign-2016-0001,https://pubmed.ncbi.nlm.nih.gov/?term=10.14785/lymphosign-2016-0001%5Bdoi%5D,"Fu LW, Freedman-Kalchman T, Betschel S, Sussman G. Review of hereditary angioedema. LymphoSign Journal. 2016;3:47-53. doi: 10.14785/lymphosign-2016-0001"
HAE_047,germenis2016.pdf,haystack,21,Germenis AE,2016,Genetics of Hereditary Angioedema Revisited. Clin Rev Allergy Immunol,,10.1007/s12016-016-8543-x,https://pubmed.ncbi.nlm.nih.gov/?term=10.1007/s12016-016-8543-x%5Bdoi%5D,"Germenis AE, Speletas M. Genetics of Hereditary Angioedema Revisited. Clin Rev Allergy Immunol. 2016;51(2):170-82. doi: 10.1007/s12016-016-8543-x"
HAE_009,10.18176@jiaci.0037.pdf,haystack,22,González-Quevedo T,2016,Management of Pregnancy and Delivery in Patients With Hereditary Angioedema Due to C1 Inhibitor Deficiency. J Investig Allergol Clin Immunol,,10.18176/jiaci.0037,https://pubmed.ncbi.nlm.nih.gov/?term=10.18176/jiaci.0037%5Bdoi%5D,"González-Quevedo T, Larco JI, Marcos C, Guilarte M, Baeza ML, Cimbollek S, et al. Management of Pregnancy and Delivery in Patients With Hereditary Angioedema Due to C1 Inhibitor Deficiency. J Investig Allergol Clin Immunol. 2016;26(3):161-7. doi: 10.18176/jiaci.0037"
,,haystack,23,Henao MP,2016,Diagnosis and screening of patients with hereditary angioedema in primary care. Ther Clin Risk Manag,,10.2147/TCRM.S86293,https://pubmed.ncbi.nlm.nih.gov/?term=10.2147/TCRM.S86293%5Bdoi%5D,"Henao MP, Kraschnewski JL, Kelbel T, Craig TJ. Diagnosis and screening of patients with hereditary angioedema in primary care. Ther Clin Risk Manag. 2016;12:701-711. doi: 10.2147/TCRM.S86293"
HAE_049,hofman2016.pdf,haystack,24,Hofman ZLM,2016,Angioedema attacks in patients with hereditary angioedema: Local manifestations of a systemic activation process. J Allergy Clin Immunol,,10.1016/j.jaci.2016.02.041,https://pubmed.ncbi.nlm.nih.gov/?term=10.1016/j.jaci.2016.02.041%5Bdoi%5D,"Hofman ZLM, Relan A, Zeerleder S, Drouet C, Zuraw B, Hack CE. Angioedema attacks in patients with hereditary angioedema: Local manifestations of a systemic activation process. J Allergy Clin Immunol. 2016;138:359-66. doi: 10.1016/j.jaci.2016.02.041"
,,haystack,25,Loffredo S,2016,Elevated plasma levels of vascular permeability factors in C1 inhibitor-deficient hereditary angioedema. Allergy,,10.1111/all.12871,https://pubmed.ncbi.nlm.nih.gov/?term=10.1111/all.12871%5Bdoi%5D,"Loffredo S, Bova M, Suffritti C, Borriello F, Zanichelli A, Petraroli A, et al. Elevated plasma levels of vascular permeability factors in C1 inhibitor-deficient hereditary angioedema. Allergy. 2016;71(7):989-96. doi: 10.1111/all.12871"
HAE_052,longhurst2016.pdf,haystack,26,Longhurst H,2016,"The Humanistic, Societal, and Pharmaco-economic Burden of Angioedema. Clin Rev Allerg Immunol",,10.1007/s12016-016-8575-2,https://pubmed.ncbi.nlm.nih.gov/?term=10.1007/s12016-016-8575-2%5Bdoi%5D,"Longhurst H, Bygum A. The Humanistic, Societal, and Pharmaco-economic Burden of Angioedema. Clin Rev Allerg Immunol. 2016;51:230-239. doi: 10.1007/s12016-016-8575-2"
HAE_054,martinez-saguer2016.pdf,haystack,27,Martinez-Saguer I,2016,Erythema Marginatum as an Early Symptom of Hereditary Angioedema: Case Report of 2 Newborns. Pediatrics,,10.1542/peds.2015-2411,https://pubmed.ncbi.nlm.nih.gov/?term=10.1542/peds.2015-2411%5Bdoi%5D,"Martinez-Saguer I, Farkas H. Erythema Marginatum as an Early Symptom of Hereditary Angioedema: Case Report of 2 Newborns. Pediatrics. 2016 Feb;137(2):e20152411. doi: 10.1542/peds.2015-2411"
HAE_007,10.1016@j.anai.2016.09.001.pdf,haystack,28,Piñero-Saavedra M,2016,Hereditary angioedema with F12 mutation: Clinical features and enzyme polymorphisms in 9 Southwestern Spanish families. Ann Allergy Asthma Immunol,,10.1016/j.anai.2016.09.001,https://pubmed.ncbi.nlm.nih.gov/?term=10.1016/j.anai.2016.09.001%5Bdoi%5D,"Piñero-Saavedra M, González-Quevedo T, Saenz de San Pedro B, Alcaraz C, Bobadilla-González P, Fernández-Vieira L, et al. Hereditary angioedema with F12 mutation: Clinical features and enzyme polymorphisms in 9 Southwestern Spanish families. Ann Allergy Asthma Immunol. 2016;117(5):520-526. doi: 10.1016/j.anai.2016.09.001"
HAE_123,ref_125_10.1186_s13023-016-0423-1.pdf,haystack,29,Steiner UC,2016,Hereditary angioedema due to C1 inhibitor deficiency in Switzerland: clinical characteristics and therapeutic modalities within a cohort study. Orphanet J Rare Dis,,10.1186/s13023-016-0423-1,https://pubmed.ncbi.nlm.nih.gov/?term=10.1186/s13023-016-0423-1%5Bdoi%5D,"Steiner UC, Weber-Chrysochoou C, Helbling A, Scherer K, Grendelmeier PS, Wuillemin WA. Hereditary angioedema due to C1 inhibitor deficiency in Switzerland: clinical characteristics and therapeutic modalities within a cohort study. Orphanet J Rare Dis. 2016;11:43. doi: 10.1186/s13023-016-0423-1"
,,haystack,30,Caballero T,2017,The Icatibant Outcome Survey: experience of hereditary angioedema management from six European countries. J Eur Acad Dermatol Venereol,,10.1111/jdv.14251,https://pubmed.ncbi.nlm.nih.gov/?term=10.1111/jdv.14251%5Bdoi%5D,"Caballero T, Aberer W, Longhurst HJ, Maurer M, Zanichelli A, Perrin A, et al. The Icatibant Outcome Survey: experience of hereditary angioedema management from six European countries. J Eur Acad Dermatol Venereol. 2017;31:1214-1222. doi: 10.1111/jdv.14251"
,,haystack,31,Farkas H,2017,International consensus on the diagnosis and management of pediatric patients with hereditary angioedema with C1 inhibitor deficiency. Allergy,,10.1111/all.13001,https://pubmed.ncbi.nlm.nih.gov/?term=10.1111/all.13001%5Bdoi%5D,"Farkas H, Martinez-Saguer I, Bork K, Bowen T, Craig T, Frank M, et al. International consensus on the diagnosis and management of pediatric patients with hereditary angioedema with C1 inhibitor deficiency. Allergy. 2017;72:300-313. doi: 10.1111/all.13001"
HAE_048,gianni2017.pdf,haystack,32,Gianni P,2017,Genetic Determinants of C1 Inhibitor Deficiency Angioedema Age of Onset. Int Arch Allergy Immunol,,10.1159/000481987,https://pubmed.ncbi.nlm.nih.gov/?term=10.1159/000481987%5Bdoi%5D,"Gianni P, Loules G, Zamanakou M, Kompoti M, Csuka D, Psarros F, et al. Genetic Determinants of C1 Inhibitor Deficiency Angioedema Age of Onset. Int Arch Allergy Immunol. 2017;174(3-4):131-135. doi: 10.1159/000481987"
HAE_122,ref_114_10.3389_fmed.2017.00206.pdf,haystack,33,Kaplan AP,2017,The Search for Biomarkers in Hereditary Angioedema. Front Med,,10.3389/fmed.2017.00206,https://pubmed.ncbi.nlm.nih.gov/?term=10.3389/fmed.2017.00206%5Bdoi%5D,"Kaplan AP, Maas C. The Search for Biomarkers in Hereditary Angioedema. Front Med. 2017;4:206. doi: 10.3389/fmed.2017.00206"
HAE_031,PIIS1081120616311978.pdf,haystack,34,Magerl M,2017,Short-term prophylactic use of C1-inhibitor concentrate in hereditary angioedema: Findings from an international patient registry. Ann Allergy Asthma Immunol,,10.1016/j.anai.2016.10.006,https://pubmed.ncbi.nlm.nih.gov/?term=10.1016/j.anai.2016.10.006%5Bdoi%5D,"Magerl M, Frank M, Lumry W, et al. Short-term prophylactic use of C1-inhibitor concentrate in hereditary angioedema: Findings from an international patient registry. Ann Allergy Asthma Immunol. 2017;118(1):110-112. doi: 10.1016/j.anai.2016.10.006"
HAE_067,ref_012_10.1186_s40413-017-0180-1.pdf,haystack,35,Maurer M,2017,The international WAO/EAACI guideline for the management of hereditary angioedema - the 2017 revision and update. World Allergy Organ J,,10.1186/s40413-017-0180-1,https://pubmed.ncbi.nlm.nih.gov/?term=10.1186/s40413-017-0180-1%5Bdoi%5D,"Maurer M, Magerl M, Ansotegui I, Aygören-Pürsün E, Betschel S, Bork K, et al. The international WAO/EAACI guideline for the management of hereditary angioedema - the 2017 revision and update. World Allergy Organ J. 2018;11(1):5. doi: 10.1186/s40413-017-0180-1"
HAE_029,PIIS0140673617319633.pdf,haystack,36,Riedl MA,2017,"Recombinant human C1 esterase inhibitor for prophylaxis of hereditary angio-oedema: a phase 2, multicentre, randomised, double-blind, placebo-controlled crossover trial. Lancet",,10.1016/S0140-6736(17)31963-3,https://pubmed.ncbi.nlm.nih.gov/?term=10.1016/S0140-6736(17)31963-3%5Bdoi%5D,"Riedl MA, Grivcheva-Panovska V, Moldovan D, Baker J, Yang WH, Giannetti BM, et al. Recombinant human C1 esterase inhibitor for prophylaxis of hereditary angio-oedema: a phase 2, multicentre, randomised, double-blind, placebo-controlled crossover trial. Lancet. 2017;390(10102):1595-602. doi: 10.1016/S0140-6736(17)31963-3"
HAE_014,Allergy - 2017 - Bork - Hereditary angioedema with a mutation in the plasminogen gene.pdf,haystack,37,Bork K,2018,Hereditary angioedema with a mutation in the plasminogen gene. Allergy,,10.1111/all.13270,https://pubmed.ncbi.nlm.nih.gov/?term=10.1111/all.13270%5Bdoi%5D,"Bork K, Wulff K, Steinmüller-Magin L, Braenne I, Staubach-Renz P, Witzke G, et al. Hereditary angioedema with a mutation in the plasminogen gene. Allergy. 2018;73(2):442-50. doi: 10.1111/all.13270"
HAE_032,PIIS1081120618306112.pdf,haystack,38,Craig T,2018,Long-term prophylaxis therapy in patients with hereditary angioedema with C1 inhibitor deficiency. Ann Allergy Asthma Immunol,,10.1016/j.anai.2018.07.025,https://pubmed.ncbi.nlm.nih.gov/?term=10.1016/j.anai.2018.07.025%5Bdoi%5D,"Craig T, Busse P, Gower RG, Johnston DT, Kashkin JM, Li HH, et al. Long-term prophylaxis therapy in patients with hereditary angioedema with C1 inhibitor deficiency. Ann Allergy Asthma Immunol. 2018;121(6):673-679. doi: 10.1016/j.anai.2018.07.025"
HAE_001,1-s2.0-S0006291X17324543-main.pdf,haystack,39,Dewald G,2018,"A missense mutation in the plasminogen gene, within the plasminogen kringle 3 domain, in hereditary angioedema with normal C1 inhibitor. Biochem Biophys Res Commun",,10.1016/j.bbrc.2017.12.060,https://pubmed.ncbi.nlm.nih.gov/?term=10.1016/j.bbrc.2017.12.060%5Bdoi%5D,"Dewald G. A missense mutation in the plasminogen gene, within the plasminogen kringle 3 domain, in hereditary angioedema with normal C1 inhibitor. Biochem Biophys Res Commun. 2018;498(1):193-198. doi: 10.1016/j.bbrc.2017.12.060"
HAE_129,s10875-018-0553-4.pdf,haystack,40,Hakl R,2018,Treatment of Hereditary Angioedema Attacks with Icatibant and Recombinant C1 Inhibitor During Pregnancy. J Clin Immunol,,10.1007/s10875-018-0553-4,https://pubmed.ncbi.nlm.nih.gov/?term=10.1007/s10875-018-0553-4%5Bdoi%5D,"Hakl R, Kuklínek P, Krčmová I, Králíčková P, Freiberger T, Janků P, et al. Treatment of Hereditary Angioedema Attacks with Icatibant and Recombinant C1 Inhibitor During Pregnancy. J Clin Immunol. 2018;38(7):810-5. doi: 10.1007/s10875-018-0553-4"
,,haystack,41,Loffredo S,2018,Secreted Phospholipases A2 in Hereditary Angioedema With C1-Inhibitor Deficiency. Front Immunol,,10.3389/fimmu.2018.01721,https://pubmed.ncbi.nlm.nih.gov/?term=10.3389/fimmu.2018.01721%5Bdoi%5D,"Loffredo S, Ferrara AL, Bova M, Borriello F, Suffritti C, Veszeli N, et al. Secreted Phospholipases A2 in Hereditary Angioedema With C1-Inhibitor Deficiency. Front Immunol. 2018;9:1721. doi: 10.3389/fimmu.2018.01721"
HAE_002,1-s2.0-S0378111918305122-main.pdf,haystack,42,Loules G,2018,Targeted next-generation sequencing for the molecular diagnosis of hereditary angioedema due to C1-inhibitor deficiency. Gene,,10.1016/j.gene.2018.05.029,https://pubmed.ncbi.nlm.nih.gov/?term=10.1016/j.gene.2018.05.029%5Bdoi%5D,"Loules G, Zamanakou M, Parsopoulou F, Vatsiou S, Psarros F, Csuka D, et al. Targeted next-generation sequencing for the molecular diagnosis of hereditary angioedema due to C1-inhibitor deficiency. Gene. 2018;667:76-82. doi: 10.1016/j.gene.2018.05.029"
HAE_117,ref_107_10.3389_fmed.2018.00022.pdf,haystack,43,Lumry WR,2018,Hereditary Angioedema: The Economics of Treatment of an Orphan Disease. Front Med,,10.3389/fmed.2018.00022,https://pubmed.ncbi.nlm.nih.gov/?term=10.3389/fmed.2018.00022%5Bdoi%5D,Lumry WR. Hereditary Angioedema: The Economics of Treatment of an Orphan Disease. Front Med. 2018;5:22. doi: 10.3389/fmed.2018.00022
HAE_119,ref_111_10.1007_s12016-016-8585-0.pdf,haystack,44,van,2018,Efficacy of Treatment of Non-hereditary Angioedema. Clin Rev Allerg Immunol,,10.1007/s12016-016-8585-0,https://pubmed.ncbi.nlm.nih.gov/?term=10.1007/s12016-016-8585-0%5Bdoi%5D,"van den Elzen M, Go MFCL, Knulst AC, Blankestijn MA, van Os-Medendorp H, Otten HG. Efficacy of Treatment of Non-hereditary Angioedema. Clin Rev Allerg Immunol. 2018;54:412-431. doi: 10.1007/s12016-016-8585-0"
,,haystack,45,Aygören-Pürsün E,2019,A randomized trial of human C1 inhibitor prophylaxis in children with hereditary angioedema. Pediatr Allergy Immunol,,10.1111/pai.13060,https://pubmed.ncbi.nlm.nih.gov/?term=10.1111/pai.13060%5Bdoi%5D,"Aygören-Pürsün E, Soteres DF, Nieto-Martinez SA, Christensen J, Jacobson KW, Moldovan D, et al. A randomized trial of human C1 inhibitor prophylaxis in children with hereditary angioedema. Pediatr Allergy Immunol. 2019;30:553-61. doi: 10.1111/pai.13060"
HAE_066,ref_011_10.1186_s13223-019-0376-8.pdf,haystack,46,Betschel S,2019,The International/Canadian Hereditary Angioedema Guideline. Allergy Asthma Clin Immunol,,10.1186/s13223-019-0376-8,https://pubmed.ncbi.nlm.nih.gov/?term=10.1186/s13223-019-0376-8%5Bdoi%5D,"Betschel S, Badiou J, Binkley K, Borici-Mazi R, Hébert J, Kanani A, et al. The International/Canadian Hereditary Angioedema Guideline. Allergy Asthma Clin Immunol. 2019;15:72. doi: 10.1186/s13223-019-0376-8"
HAE_050,hwang2019.pdf,haystack,47,Hwang JR,2019,Oral plasma kallikrein inhibitor BCX7353 for treatment of hereditary angioedema. Immunotherapy,,10.2217/imt-2019-0128,https://pubmed.ncbi.nlm.nih.gov/?term=10.2217/imt-2019-0128%5Bdoi%5D,"Hwang JR, Hwang G, Johri A, Craig T. Oral plasma kallikrein inhibitor BCX7353 for treatment of hereditary angioedema. Immunotherapy. 2019;11(17):1439-1444. doi: 10.2217/imt-2019-0128"
,,haystack,48,Levi M,2019,Hereditary angioedema: Linking complement regulation to the coagulation system. Res Pract Thromb Haemost,,10.1002/rth2.12175,https://pubmed.ncbi.nlm.nih.gov/?term=10.1002/rth2.12175%5Bdoi%5D,"Levi M, Cohn DM, Zeerleder S. Hereditary angioedema: Linking complement regulation to the coagulation system. Res Pract Thromb Haemost. 2019;3(1):38-43. doi: 10.1002/rth2.12175"
,,haystack,49,Liu J,2019,An investigational RNAi therapeutic targeting Factor XII (ALN-F12) for the treatment of hereditary angioedema. RNA,,10.1261/rna.068916.118,https://pubmed.ncbi.nlm.nih.gov/?term=10.1261/rna.068916.118%5Bdoi%5D,"Liu J, Qin J, Borodovsky A, Racie T, Castoreno A, Schlegel M, et al. An investigational RNAi therapeutic targeting Factor XII (ALN-F12) for the treatment of hereditary angioedema. RNA. 2019;25(2):255-63. doi: 10.1261/rna.068916.118"
HAE_033,PIIS1081120620301459.pdf,haystack,50,Banerji A,2020,Patient-reported burden of hereditary angioedema: findings from a patient survey in the United States. Ann Allergy Asthma Immunol,,10.1016/j.anai.2020.02.018,https://pubmed.ncbi.nlm.nih.gov/?term=10.1016/j.anai.2020.02.018%5Bdoi%5D,"Banerji A, Davis KH, Brown TM, Hollis K, Hunter SM, Long J, et al. Patient-reported burden of hereditary angioedema: findings from a patient survey in the United States. Ann Allergy Asthma Immunol. 2020;124(6):600-607. doi: 10.1016/j.anai.2020.02.018"
HAE_113,ref_092_S2_10.1111_all.14160.pdf,haystack,51,Bova M,2020,Impaired control of the contact system in hereditary angioedema with normal C1-inhibitor. Allergy,,10.1111/all.14160,https://pubmed.ncbi.nlm.nih.gov/?term=10.1111/all.14160%5Bdoi%5D,"Bova M, Suffritti C, Bafunno V, Loffredo S, Cordisco G, Del Giacco S, et al. Impaired control of the contact system in hereditary angioedema with normal C1-inhibitor. Allergy. 2020;75(6):1394-1403. doi: 10.1111/all.14160"
HAE_037,PIIS2213219820308783.pdf,haystack,52,Busse PJ,2020,US HAEA Medical Advisory Board 2020 Guidelines for the Management of Hereditary Angioedema. J Allergy Clin Immunol Pract,,10.1016/j.jaip.2020.08.046,https://pubmed.ncbi.nlm.nih.gov/?term=10.1016/j.jaip.2020.08.046%5Bdoi%5D,"Busse PJ, Christiansen SC, Riedl MA, Banerji A, Bernstein JA, Castaldo AJ, et al. US HAEA Medical Advisory Board 2020 Guidelines for the Management of Hereditary Angioedema. J Allergy Clin Immunol Pract. 2021;9(1):132-150.e3. doi: 10.1016/j.jaip.2020.08.046"
HAE_023,NEJMoa1915035.pdf,haystack,53,Cohn DM,2020,Antisense Inhibition of Prekallikrein to Control Hereditary Angioedema. N Engl J Med,,10.1056/NEJMoa1915035,https://pubmed.ncbi.nlm.nih.gov/?term=10.1056/NEJMoa1915035%5Bdoi%5D,"Cohn DM, Viney NJ, Fijen LM, Schneider E, Alexander VJ, Xia S, et al. Antisense Inhibition of Prekallikrein to Control Hereditary Angioedema. N Engl J Med. 2020 Sep 24;383(13):1242-1247. doi: 10.1056/NEJMoa1915035"
HAE_043,craig2020.pdf,haystack,54,Craig T,2020,Triggers and short-term prophylaxis in patients with hereditary angioedema. Allergy Asthma Proc,,10.2500/aap.2020.41.200058,https://pubmed.ncbi.nlm.nih.gov/?term=10.2500/aap.2020.41.200058%5Bdoi%5D,Craig T. Triggers and short-term prophylaxis in patients with hereditary angioedema. Allergy Asthma Proc. 2020;41(6):S30-S34. doi: 10.2500/aap.2020.41.200058
HAE_006,1-s2.0-S1567576919314699-main.pdf,haystack,55,Gompel A,2020,Exogenous Hormones and Hereditary angioedema. Int Immunopharmacol,,10.1016/j.intimp.2019.106080,https://pubmed.ncbi.nlm.nih.gov/?term=10.1016/j.intimp.2019.106080%5Bdoi%5D,"Gompel A, Fain O, Boccon-Gibod I, Gobert D, Bouillet L. Exogenous Hormones and Hereditary angioedema. Int Immunopharmacol. 2020;78:106080. doi: 10.1016/j.intimp.2019.106080"
HAE_130,s10875-020-00753-2.pdf,haystack,56,Hujová P,2020,Deep Intronic Mutation in SERPING1 Caused Hereditary Angioedema Through Pseudoexon Activation. J Clin Immunol,,10.1007/s10875-020-00753-2,https://pubmed.ncbi.nlm.nih.gov/?term=10.1007/s10875-020-00753-2%5Bdoi%5D,"Hujová P, Souček P, Grodecká L, Grombiříková H, Ravčuková B, Kuklínek P, et al. Deep Intronic Mutation in SERPING1 Caused Hereditary Angioedema Through Pseudoexon Activation. J Clin Immunol. 2020;40(3):435-46. doi: 10.1007/s10875-020-00753-2"
HAE_053,lumry2020.pdf,haystack,57,Lumry WR,2020,Hereditary angioedema: Epidemiology and burden of disease. Allergy Asthma Proc,,10.2500/aap.2020.41.200050,https://pubmed.ncbi.nlm.nih.gov/?term=10.2500/aap.2020.41.200050%5Bdoi%5D,"Lumry WR, Settipane RA. Hereditary angioedema: Epidemiology and burden of disease. Allergy Asthma Proc. 2020;41(Suppl 1):S8-S13. doi: 10.2500/aap.2020.41.200050"
HAE_060,proper2020.pdf,haystack,58,Proper SP,2020,Definition and classification of hereditary angioedema. Allergy Asthma Proc,,10.2500/aap.2020.41.200040,https://pubmed.ncbi.nlm.nih.gov/?term=10.2500/aap.2020.41.200040%5Bdoi%5D,"Proper SP, Lavery WJ, Bernstein JA. Definition and classification of hereditary angioedema. Allergy Asthma Proc. 2020;41(Suppl 1):S3-S7. doi: 10.2500/aap.2020.41.200040"
HAE_003,1-s2.0-S1323893020300034-main.pdf,haystack,59,Vatsiou S,2020,A novel deep intronic SERPING1 variant as a cause of hereditary angioedema due to C1-inhibitor deficiency. Allergol Int,,10.1016/j.alit.2019.12.009,https://pubmed.ncbi.nlm.nih.gov/?term=10.1016/j.alit.2019.12.009%5Bdoi%5D,"Vatsiou S, Zamanakou M, Loules G, Psarros F, Parsopoulou F, Csuka D, et al. A novel deep intronic SERPING1 variant as a cause of hereditary angioedema due to C1-inhibitor deficiency. Allergol Int. 2020;69:443-449. doi: 10.1016/j.alit.2019.12.009"
HAE_059,pone.0230128.pdf,haystack,60,Zanichelli A,2020,Short-term prophylaxis in patients with angioedema due to C1-inhibitor deficiency undergoing dental procedures: An observational study. PLoS ONE,,,https://pubmed.ncbi.nlm.nih.gov/?term=Zanichelli A+2020+hereditary+angioedema,"Zanichelli A, Ghezzi M, Santicchia I, Vacchini R, Cicardi M, Sparaco A, et al. Short-term prophylaxis in patients with angioedema due to C1-inhibitor deficiency undergoing dental procedures: An observational study. PLoS ONE. 2020;15(3):e0230128."
HAE_065,ref_010_10.1186_s13223-021-00537-2.pdf,haystack,61,Bork K,2021,Assessment and management of disease burden and quality of life in patients with hereditary angioedema: a consensus report. Allergy Asthma Clin Immunol,,10.1186/s13223-021-00537-2,https://pubmed.ncbi.nlm.nih.gov/?term=10.1186/s13223-021-00537-2%5Bdoi%5D,"Bork K, Anderson JT, Caballero T, Craig T, Johnston DT, Li HH, et al. Assessment and management of disease burden and quality of life in patients with hereditary angioedema: a consensus report. Allergy Asthma Clin Immunol. 2021;17(1):40. doi: 10.1186/s13223-021-00537-2"
HAE_134,vol31issue1_2.pdf,haystack,62,Caballero T,2021,Treatment of Hereditary Angioedema. J Investig Allergol Clin Immunol,,10.18176/jiaci.0653,https://pubmed.ncbi.nlm.nih.gov/?term=10.18176/jiaci.0653%5Bdoi%5D,Caballero T. Treatment of Hereditary Angioedema. J Investig Allergol Clin Immunol. 2021;31(1):1-16. doi: 10.18176/jiaci.0653
HAE_110,ref_086_10.1007_s12016-021-08832-x.pdf,haystack,63,Fijen LM,2021,Current and Prospective Targets of Pharmacologic Treatment of Hereditary Angioedema Types 1 and 2. Clin Rev Allergy Immunol,,10.1007/s12016-021-08832-x,https://pubmed.ncbi.nlm.nih.gov/?term=10.1007/s12016-021-08832-x%5Bdoi%5D,"Fijen LM, Bork K, Cohn DM. Current and Prospective Targets of Pharmacologic Treatment of Hereditary Angioedema Types 1 and 2. Clin Rev Allergy Immunol. 2021;61:66-76. doi: 10.1007/s12016-021-08832-x"
HAE_112,ref_088_10.1186_s12245-021-00364-7.pdf,haystack,64,Lesser H,2021,Hereditary angioedema. Int J Emerg Med,,10.1186/s12245-021-00364-7,https://pubmed.ncbi.nlm.nih.gov/?term=10.1186/s12245-021-00364-7%5Bdoi%5D,"Lesser H, Cohn JE. Hereditary angioedema. Int J Emerg Med. 2021;14:43. doi: 10.1186/s12245-021-00364-7"
HAE_026,PIIS0091674921008216.pdf,haystack,65,Maurer M,2021,Consensus on treatment goals in hereditary angioedema: A global Delphi initiative. J Allergy Clin Immunol,,10.1016/j.jaci.2021.05.016,https://pubmed.ncbi.nlm.nih.gov/?term=10.1016/j.jaci.2021.05.016%5Bdoi%5D,"Maurer M, Aygören-Pürsün E, Banerji A, Bernstein JA, Boysen HB, Busse PJ, et al. Consensus on treatment goals in hereditary angioedema: A global Delphi initiative. J Allergy Clin Immunol. 2021;148(6):1526-32. doi: 10.1016/j.jaci.2021.05.016"
,,haystack,66,Maurer M,2021,The international WAO/EAACI guideline for the management of hereditary angioedema - The 2021 revision and update. World Allergy Organ J,,10.1016/j.waojou.2022.100627,https://pubmed.ncbi.nlm.nih.gov/?term=10.1016/j.waojou.2022.100627%5Bdoi%5D,"Maurer M, Magerl M, Betschel S, et al. The international WAO/EAACI guideline for the management of hereditary angioedema - The 2021 revision and update. World Allergy Organ J. 2022;15(3):100627. doi: 10.1016/j.waojou.2022.100627"
HAE_111,ref_087_10.1186_s13023-021-01717-4.pdf,haystack,67,Mendivil J,2021,Clinical characteristics and burden of illness in patients with hereditary angioedema: findings from a multinational patient survey. Orphanet J Rare Dis,,10.1186/s13023-021-01717-4,https://pubmed.ncbi.nlm.nih.gov/?term=10.1186/s13023-021-01717-4%5Bdoi%5D,"Mendivil J, Murphy R, de la Cruz M, Janssen E, Boysen HB, Jain G, et al. Clinical characteristics and burden of illness in patients with hereditary angioedema: findings from a multinational patient survey. Orphanet J Rare Dis. 2021;16:94. doi: 10.1186/s13023-021-01717-4"
HAE_109,ref_084_S2_10.1111_all.14674.pdf,haystack,68,Ohsawa I,2021,Oral berotralstat for the prophylaxis of hereditary angioedema attacks in patients in Japan: A phase 3 randomized trial. Allergy,,10.1111/all.14674,https://pubmed.ncbi.nlm.nih.gov/?term=10.1111/all.14674%5Bdoi%5D,"Ohsawa I, Honda D, Fukuda T, Kohga K, Morita E, Moriwaki S, et al. Oral berotralstat for the prophylaxis of hereditary angioedema attacks in patients in Japan: A phase 3 randomized trial. Allergy. 2021;76(6):1789-99. doi: 10.1111/all.14674"
,,haystack,69,Santacroce R,2021,The Genetics of Hereditary Angioedema: A Review. J Clin Med,,10.3390/jcm10092023,https://pubmed.ncbi.nlm.nih.gov/?term=10.3390/jcm10092023%5Bdoi%5D,"Santacroce R, D'Andrea G, Maffione AB, Margaglione M, d'Apolito M. The Genetics of Hereditary Angioedema: A Review. J Clin Med. 2021;10(9):2023. doi: 10.3390/jcm10092023"
HAE_027,PIIS0091674924002719.pdf,haystack,70,Zuraw B,2021,"Oral once-daily berotralstat for the prevention of hereditary angioedema attacks: A randomized, double-blind, placebo-controlled phase 3 trial. J Allergy Clin Immunol",,10.1016/j.jaci.2020.10.015,https://pubmed.ncbi.nlm.nih.gov/?term=10.1016/j.jaci.2020.10.015%5Bdoi%5D,"Zuraw B, Lumry WR, Johnston DT, Aygören-Pürsün E, Banerji A, Bernstein JA, et al. Oral once-daily berotralstat for the prevention of hereditary angioedema attacks: A randomized, double-blind, placebo-controlled phase 3 trial. J Allergy Clin Immunol. 2021;148:164-72. doi: 10.1016/j.jaci.2020.10.015"
HAE_011,ASCIA_HP_Position_Paper_HAE_2022_Updated_Nov.pdf,haystack,71,ASCIA HAE,2022,Hereditary Angioedema (HAE) Position Paper,Australasian,,https://pubmed.ncbi.nlm.nih.gov/?term=ASCIA HAE+2022+hereditary+angioedema,ASCIA HAE Working Party. Hereditary Angioedema (HAE) Position Paper. Australasian Society of Clinical Immunology and Allergy; 2022.
HAE_018,CD013403.pdf,haystack,72,Beard N,2022,Interventions for the long-term prevention of hereditary angioedema attacks. Cochrane Database of Systematic Reviews,,10.1002/14651858.CD013403.pub2,https://pubmed.ncbi.nlm.nih.gov/?term=10.1002/14651858.CD013403.pub2%5Bdoi%5D,"Beard N, Frese M, Smertina E, Mere P, Katelaris C, Mills K. Interventions for the long-term prevention of hereditary angioedema attacks. Cochrane Database of Systematic Reviews. 2022;11:CD013403. doi: 10.1002/14651858.CD013403.pub2"
HAE_024,NEJMoa2109329.pdf,haystack,73,Fijen LM,2022,Inhibition of Prekallikrein for Hereditary Angioedema. N Engl J Med,,10.1056/NEJMoa2109329,https://pubmed.ncbi.nlm.nih.gov/?term=10.1056/NEJMoa2109329%5Bdoi%5D,"Fijen LM, Riedl MA, Bordone L, Bernstein JA, Raasch J, Tachdjian R, et al. Inhibition of Prekallikrein for Hereditary Angioedema. N Engl J Med. 2022 Mar 17;386(11):1026-1033. doi: 10.1056/NEJMoa2109329"
HAE_105,ref_079_10.1186_s13023-022-02536-x.pdf,haystack,74,Guo Y,2022,Long-term Prophylaxis with Androgens in the management of Hereditary Angioedema (HAE) in emerging countries. Orphanet J Rare Dis,,10.1186/s13023-022-02536-x,https://pubmed.ncbi.nlm.nih.gov/?term=10.1186/s13023-022-02536-x%5Bdoi%5D,"Guo Y, Zhang H, Lai H, Wang H, Chong-Neto HJ, Valle SOR, et al. Long-term Prophylaxis with Androgens in the management of Hereditary Angioedema (HAE) in emerging countries. Orphanet J Rare Dis. 2022;17:399. doi: 10.1186/s13023-022-02536-x"
HAE_034,PIIS1081120622006603.pdf,haystack,75,Kesh S,2022,Isolated angioedema: A review of classification and update on management. Ann Allergy Asthma Immunol,,10.1016/j.anai.2022.08.003,https://pubmed.ncbi.nlm.nih.gov/?term=10.1016/j.anai.2022.08.003%5Bdoi%5D,"Kesh S, Bernstein JA. Isolated angioedema: A review of classification and update on management. Ann Allergy Asthma Immunol. 2022;129(6):692-702. doi: 10.1016/j.anai.2022.08.003"
HAE_107,ref_081_S2_10.1111_cea.14206.pdf,haystack,76,Maurer M,2022,The Icatibant Outcome Survey: 10 years of experience with icatibant for patients with hereditary angioedema. Clin Exp Allergy,,10.1111/cea.14206,https://pubmed.ncbi.nlm.nih.gov/?term=10.1111/cea.14206%5Bdoi%5D,"Maurer M, Aberer W, Caballero T, Bouillet L, Grumach AS, Botha J, et al. The Icatibant Outcome Survey: 10 years of experience with icatibant for patients with hereditary angioedema. Clin Exp Allergy. 2022;52(9):1048-1058. doi: 10.1111/cea.14206"
,,haystack,77,Sundler B,2022,Comorbidities in hereditary angioedema-A population-based cohort study. Clin Transl Allergy,,10.1002/clt2.12135,https://pubmed.ncbi.nlm.nih.gov/?term=10.1002/clt2.12135%5Bdoi%5D,"Sundler Björkman L, Persson B, Aronsson D, Skattum L, Nordenfelt P, Egesten A. Comorbidities in hereditary angioedema-A population-based cohort study. Clin Transl Allergy. 2022;12(4):e12135. doi: 10.1002/clt2.12135"
HAE_108,ref_082_10.3389_falgy.2022.952233.pdf,haystack,78,Valerieva A,2022,Treatment of hereditary angioedema-single or multiple pathways to the rescue. Front Allergy,,10.3389/falgy.2022.952233,https://pubmed.ncbi.nlm.nih.gov/?term=10.3389/falgy.2022.952233%5Bdoi%5D,"Valerieva A, Longhurst HJ. Treatment of hereditary angioedema-single or multiple pathways to the rescue. Front Allergy. 2022;3:952233. doi: 10.3389/falgy.2022.952233"
HAE_074,ref_024_10.1016_j.jaip.2023.04.017.pdf,haystack,79,Betschel SD,2023,Hereditary Angioedema: A Review of the Current and Evolving Treatment Landscape. J Allergy Clin Immunol Pract,,10.1016/j.jaip.2023.04.017,https://pubmed.ncbi.nlm.nih.gov/?term=10.1016/j.jaip.2023.04.017%5Bdoi%5D,"Betschel SD, Banerji A, Busse PJ, Cohn DM, Magerl M. Hereditary Angioedema: A Review of the Current and Evolving Treatment Landscape. J Allergy Clin Immunol Pract. 2023 Aug;11(8):2315-2325. doi: 10.1016/j.jaip.2023.04.017"
HAE_136,vol33issue5_2.pdf,haystack,80,Branco F,2023,Evolution of Guidelines for the Management of Hereditary Angioedema due to C1 Inhibitor Deficiency. J Investig Allergol Clin Immunol,,10.18176/jiaci.0909,https://pubmed.ncbi.nlm.nih.gov/?term=10.18176/jiaci.0909%5Bdoi%5D,"Branco Ferreira M, Baeza ML, Spinola Santos A, Prieto-Garcia A, Leal R, Alvarez J, et al. Evolution of Guidelines for the Management of Hereditary Angioedema due to C1 Inhibitor Deficiency. J Investig Allergol Clin Immunol. 2023;33(5):332-62. doi: 10.18176/jiaci.0909"
HAE_135,vol33issue4_1.pdf,haystack,81,Caballero T,2023,Expert Review and Consensus on the Treat-to-Target Management of Hereditary Angioedema: From Scientific Evidence to Clinical Practice. J Investig Allergol Clin Immunol,,10.18176/jiaci.0875,https://pubmed.ncbi.nlm.nih.gov/?term=10.18176/jiaci.0875%5Bdoi%5D,"Caballero T, Lleonart-Bellfill R, Pedrosa M, Ferrer L, Guilarte M. Expert Review and Consensus on the Treat-to-Target Management of Hereditary Angioedema: From Scientific Evidence to Clinical Practice. J Investig Allergol Clin Immunol. 2023;33(4):238-49. doi: 10.18176/jiaci.0875"
,,haystack,82,Chong-Neto HJ,2023,A narrative review of recent literature of the quality of life in hereditary angioedema patients. World Allergy Organ J,,10.1016/j.waojou.2023.100758,https://pubmed.ncbi.nlm.nih.gov/?term=10.1016/j.waojou.2023.100758%5Bdoi%5D,Chong-Neto HJ. A narrative review of recent literature of the quality of life in hereditary angioedema patients. World Allergy Organ J. 2023;16(5):100758. doi: 10.1016/j.waojou.2023.100758
HAE_103,ref_076_10.1016_S0140-67362300350-1.pdf,haystack,83,Craig TJ,2023,"Efficacy and safety of garadacimab, a factor XIIa inhibitor for hereditary angioedema prevention (VANGUARD): a global, multicentre, randomised, double-blind, placebo-controlled, phase 3 trial. Lancet",,10.1016/S0140-6736(23)00350-1,https://pubmed.ncbi.nlm.nih.gov/?term=10.1016/S0140-6736(23)00350-1%5Bdoi%5D,"Craig TJ, Reshef A, Li HH, Jacobs JS, Bernstein JA, Farkas H, et al. Efficacy and safety of garadacimab, a factor XIIa inhibitor for hereditary angioedema prevention (VANGUARD): a global, multicentre, randomised, double-blind, placebo-controlled, phase 3 trial. Lancet. 2023;401(10382):1079-1090. doi: 10.1016/S0140-6736(23)00350-1"
HAE_133,tcrm-19-313.pdf,haystack,84,Diaz-Menindez M,2023,Prevention of Recurrent Attacks of Hereditary Angioedema (HAE): Berotralstat and Its Oral Bioavailability. Ther Clin Risk Manag,,10.2147/TCRM.S310376,https://pubmed.ncbi.nlm.nih.gov/?term=10.2147/TCRM.S310376%5Bdoi%5D,"Diaz-Menindez M, Morgenstern-Kaplan D, Cuervo-Pardo L, Alvarez-Arango S, Gonzalez-Estrada A. Prevention of Recurrent Attacks of Hereditary Angioedema (HAE): Berotralstat and Its Oral Bioavailability. Ther Clin Risk Manag. 2023;19:313-317. doi: 10.2147/TCRM.S310376"
,,haystack,85,Grumach AS,2023,Current challenges and future opportunities in patient-focused management of hereditary angioedema: A narrative review. Clin Transl Allergy,,10.1002/clt2.12243,https://pubmed.ncbi.nlm.nih.gov/?term=10.1002/clt2.12243%5Bdoi%5D,"Grumach AS, Gadir N, Kessel A, Yegin A, Martinez-Saguer I, Bernstein JA. Current challenges and future opportunities in patient-focused management of hereditary angioedema: A narrative review. Clin Transl Allergy. 2023;13(5):e12243. doi: 10.1002/clt2.12243"
HAE_098,ref_069_10.1007_s12016-023-08972-2.pdf,haystack,86,Johnson F,2023,A Retrospective Analysis of Long-Term Prophylaxis with Berotralstat in Patients with Hereditary Angioedema and Acquired C1-Inhibitor Deficiency-Real-World Data. Clin Rev Allergy Immunol,,10.1007/s12016-023-08972-2,https://pubmed.ncbi.nlm.nih.gov/?term=10.1007/s12016-023-08972-2%5Bdoi%5D,"Johnson F, Stenzl A, Hofauer B, Heppt H, Ebert EV, Wollenberg B, et al. A Retrospective Analysis of Long-Term Prophylaxis with Berotralstat in Patients with Hereditary Angioedema and Acquired C1-Inhibitor Deficiency-Real-World Data. Clin Rev Allergy Immunol. 2023;65:354-364. doi: 10.1007/s12016-023-08972-2"
HAE_051,jaa-16-447.pdf,haystack,87,Jones D,2023,"Managing Diagnosis, Treatment, and Burden of Disease in Hereditary Angioedema Patients with Normal C1-Esterase Inhibitor. J Asthma Allergy",,10.2147/JAA.S398333,https://pubmed.ncbi.nlm.nih.gov/?term=10.2147/JAA.S398333%5Bdoi%5D,"Jones D, Zafra H, Anderson J. Managing Diagnosis, Treatment, and Burden of Disease in Hereditary Angioedema Patients with Normal C1-Esterase Inhibitor. J Asthma Allergy. 2023;16:447-460. doi: 10.2147/JAA.S398333"
,,haystack,88,Longhurst H,2023,A Review of Randomized Controlled Trials of Hereditary Angioedema Long-Term Prophylaxis with C1 Inhibitor Replacement Therapy: Alleviation of Disease Symptoms Is Achievable. J Asthma Allergy,,10.2147/JAA.S396338,https://pubmed.ncbi.nlm.nih.gov/?term=10.2147/JAA.S396338%5Bdoi%5D,"Longhurst H, Valerieva A. A Review of Randomized Controlled Trials of Hereditary Angioedema Long-Term Prophylaxis with C1 Inhibitor Replacement Therapy: Alleviation of Disease Symptoms Is Achievable. J Asthma Allergy. 2023;16:269-277. doi: 10.2147/JAA.S396338"
HAE_055,middle-east-Aadelphi-initiative.pdf,haystack,89,Maurer M,2023,Consensus on diagnosis and management of Hereditary Angioedema in the Middle East: A Delphi initiative. World Allergy Organ J,,10.1016/j.waojou.2022.100729,https://pubmed.ncbi.nlm.nih.gov/?term=10.1016/j.waojou.2022.100729%5Bdoi%5D,"Maurer M, Abuzakouk M, Al-Ahmad M, Al-Herz W, Alrayes H, Al-Tamemi S, et al. Consensus on diagnosis and management of Hereditary Angioedema in the Middle East: A Delphi initiative. World Allergy Organ J. 2023 Jan;16(1):100729. doi: 10.1016/j.waojou.2022.100729"
,,haystack,90,Mormile I,2023,Neurologic and Psychiatric Manifestations of Bradykinin-Mediated Angioedema: Old and New Challenges. Int J Mol Sci,,10.3390/ijms241512184,https://pubmed.ncbi.nlm.nih.gov/?term=10.3390/ijms241512184%5Bdoi%5D,"Mormile I, Palestra F, Petraroli A, Loffredo S, Rossi FW, Spadaro G, et al. Neurologic and Psychiatric Manifestations of Bradykinin-Mediated Angioedema: Old and New Challenges. Int J Mol Sci. 2023;24(15):12184. doi: 10.3390/ijms241512184"
,,haystack,91,Raasch J,2023,The multifactorial impact of receiving a hereditary angioedema diagnosis. World Allergy Organ J,,10.1016/j.waojou.2023.100792,https://pubmed.ncbi.nlm.nih.gov/?term=10.1016/j.waojou.2023.100792%5Bdoi%5D,"Raasch J, Glaum MC, O'Connor M. The multifactorial impact of receiving a hereditary angioedema diagnosis. World Allergy Organ J. 2023;16(6):100792. doi: 10.1016/j.waojou.2023.100792"
HAE_076,ref_026_10.3389_froh.2023.1257703.pdf,haystack,92,Rosa A,2023,The role of anxiety in patients with hereditary angioedema during oral treatment: a narrative review. Front Oral Health,,10.3389/froh.2023.1257703,https://pubmed.ncbi.nlm.nih.gov/?term=10.3389/froh.2023.1257703%5Bdoi%5D,"Rosa A, Franco R, Miranda M, Casella S, D'Amico C, Fiorillo L, et al. The role of anxiety in patients with hereditary angioedema during oral treatment: a narrative review. Front Oral Health. 2023;4:1257703. doi: 10.3389/froh.2023.1257703"
HAE_100,ref_072_10.3389_fphys.2023.1146834.pdf,haystack,93,Shamanaev A,2023,Mechanisms involved in hereditary angioedema with normal C1-inhibitor activity. Front Physiol,,10.3389/fphys.2023.1146834,https://pubmed.ncbi.nlm.nih.gov/?term=10.3389/fphys.2023.1146834%5Bdoi%5D,"Shamanaev A, Dickeson SK, Ivanov I, Litvak M, Sun M-F, Kumar S, et al. Mechanisms involved in hereditary angioedema with normal C1-inhibitor activity. Front Physiol. 2023;14:1146834. doi: 10.3389/fphys.2023.1146834"
HAE_104,ref_077_10.1007_s12325-022-02401-0.pdf,haystack,94,Sinnathamby ES,2023,"Hereditary Angioedema: Diagnosis, Clinical Implications, and Pathophysiology. Adv Ther",,10.1007/s12325-022-02401-0,https://pubmed.ncbi.nlm.nih.gov/?term=10.1007/s12325-022-02401-0%5Bdoi%5D,"Sinnathamby ES, Issa PP, Roberts L, Norwood H, Malone K, Vemulapalli H, et al. Hereditary Angioedema: Diagnosis, Clinical Implications, and Pathophysiology. Adv Ther. 2023;40:814-827. doi: 10.1007/s12325-022-02401-0"
,,haystack,95,Tachdjian R,2023,A Comprehensive Management Approach in Pediatric and Adolescent Patients With Hereditary Angioedema. Clin Pediatr (Phila),,10.1177/00099228231155703,https://pubmed.ncbi.nlm.nih.gov/?term=10.1177/00099228231155703%5Bdoi%5D,"Tachdjian R, Kaplan AP. A Comprehensive Management Approach in Pediatric and Adolescent Patients With Hereditary Angioedema. Clin Pediatr (Phila). 2023;62(9):973-980. doi: 10.1177/00099228231155703"
,,haystack,96,Watt M,2023,Network meta-analysis for indirect comparison of lanadelumab and berotralstat for the treatment of hereditary angioedema. J Comp Eff Res,,10.57264/cer-2022-0188,https://pubmed.ncbi.nlm.nih.gov/?term=10.57264/cer-2022-0188%5Bdoi%5D,"Watt M, Malmenäs M, Romanus D, Haeussler K. Network meta-analysis for indirect comparison of lanadelumab and berotralstat for the treatment of hereditary angioedema. J Comp Eff Res. 2023;e220188. doi: 10.57264/cer-2022-0188"
HAE_004,1-s2.0-S1323893022000533-main.pdf,haystack,97,Zuraw BL,2023,Therapeutic monoclonal antibodies with a focus on hereditary angioedema. Allergol Int,,10.1016/j.alit.2022.06.001,https://pubmed.ncbi.nlm.nih.gov/?term=10.1016/j.alit.2022.06.001%5Bdoi%5D,"Zuraw BL, Maurer M, Sexton DJ, Cicardi M. Therapeutic monoclonal antibodies with a focus on hereditary angioedema. Allergol Int. 2023;72:54-62. doi: 10.1016/j.alit.2022.06.001"
HAE_095,ref_058_10.3389_fcvm.2024.1406953.pdf,haystack,98,Brito-Robinson T,2024,Plasminogen missense variants and their involvement in cardiovascular and inflammatory disease. Front Cardiovasc Med,,10.3389/fcvm.2024.1406953,https://pubmed.ncbi.nlm.nih.gov/?term=10.3389/fcvm.2024.1406953%5Bdoi%5D,"Brito-Robinson T, Ayinuola YA, Ploplis VA, Castellino FJ. Plasminogen missense variants and their involvement in cardiovascular and inflammatory disease. Front Cardiovasc Med. 2024;11:1406953. doi: 10.3389/fcvm.2024.1406953"
HAE_022,Journal of Internal Medicine - 2024 - Cohn - Targeting factor XIIa for therapeutic interference with hereditary angioedema.pdf,haystack,99,Cohn DM,2024,Targeting factor XIIa for therapeutic interference with hereditary angioedema. J Intern Med,,10.1111/joim.20008,https://pubmed.ncbi.nlm.nih.gov/?term=10.1111/joim.20008%5Bdoi%5D,"Cohn DM, Renné T. Targeting factor XIIa for therapeutic interference with hereditary angioedema. J Intern Med. 2024;296(4):311-26. doi: 10.1111/joim.20008"
,,haystack,100,Costanzo G,2024,Hereditary angioedema due to C1-inhibitor deficiency: current therapeutic approaches. Curr Opin Allergy Clin Immunol,,10.1097/ACI.0000000000001042,https://pubmed.ncbi.nlm.nih.gov/?term=10.1097/ACI.0000000000001042%5Bdoi%5D,"Costanzo G, Sambugaro G, Firinu D. Hereditary angioedema due to C1-inhibitor deficiency: current therapeutic approaches. Curr Opin Allergy Clin Immunol. 2024;24(6):488-495. doi: 10.1097/ACI.0000000000001042"
HAE_035,PIIS1081120624002758.pdf,haystack,101,Craig T,2024,Long-term prevention of hereditary angioedema attacks with lanadelumab in adolescents. Ann Allergy Asthma Immunol,,10.1016/j.anai.2024.08.001,https://pubmed.ncbi.nlm.nih.gov/?term=10.1016/j.anai.2024.08.001%5Bdoi%5D,"Craig T, Tachdjian R, Bernstein JA, Anderson J, Nurse C, Watt M, et al. Long-term prevention of hereditary angioedema attacks with lanadelumab in adolescents. Ann Allergy Asthma Immunol. 2024;133(6):712-719. doi: 10.1016/j.anai.2024.08.001"
HAE_005,1-s2.0-S1359644624000151-main.pdf,haystack,102,Ding L,2024,Summary and future of medicine for hereditary angioedema. Drug Discov Today,,10.1016/j.drudis.2024.103890,https://pubmed.ncbi.nlm.nih.gov/?term=10.1016/j.drudis.2024.103890%5Bdoi%5D,"Ding L, Zhang MJ, Rao GW. Summary and future of medicine for hereditary angioedema. Drug Discov Today. 2024;29(3):103890. doi: 10.1016/j.drudis.2024.103890"
,,haystack,103,Fasshauer M,2024,Hereditary angioedema (HAE) in children and adolescents: New treatment options. Allergol Select,,10.5414/ALX02532E,https://pubmed.ncbi.nlm.nih.gov/?term=10.5414/ALX02532E%5Bdoi%5D,"Fasshauer M, Wedi B. Hereditary angioedema (HAE) in children and adolescents: New treatment options. Allergol Select. 2024;8:336-345. doi: 10.5414/ALX02532E"
HAE_096,ref_060_10.1016_j.waojou.2024.100906.pdf,haystack,104,Giavina-Bianchi P,2024,Hereditary angioedema classification: Expanding knowledge by genotyping and endotyping. World Allergy Organ J,,10.1016/j.waojou.2024.100906,https://pubmed.ncbi.nlm.nih.gov/?term=10.1016/j.waojou.2024.100906%5Bdoi%5D,"Giavina-Bianchi P, Aun MV, Giavina-Bianchi M, Ribeiro AJ, Agondi RC, Motta AA, et al. Hereditary angioedema classification: Expanding knowledge by genotyping and endotyping. World Allergy Organ J. 2024;17(5):100906. doi: 10.1016/j.waojou.2024.100906"
,,haystack,105,Jappe U,2024,"Biologics in allergology and clinical immunology: Update on therapies for atopic diseases, urticaria, and angioedema and on safety aspects focusing on hypersensitivity reactions. Allergol Select",,10.5414/ALX02533E,https://pubmed.ncbi.nlm.nih.gov/?term=10.5414/ALX02533E%5Bdoi%5D,"Jappe U, Bergmann KC, Brinkmann F, et al. Biologics in allergology and clinical immunology: Update on therapies for atopic diseases, urticaria, and angioedema and on safety aspects focusing on hypersensitivity reactions. Allergol Select. 2024;8:365-406. doi: 10.5414/ALX02533E"
HAE_038,PIIS2213219823013685.pdf,haystack,106,Kiani-Alikhan S,2024,Once-Daily Oral Berotralstat for Long-Term Prophylaxis of Hereditary Angioedema: The Open-Label Extension of the APEX-2 Randomized Trial. J Allergy Clin Immunol Pract,,10.1016/j.jaip.2023.12.019,https://pubmed.ncbi.nlm.nih.gov/?term=10.1016/j.jaip.2023.12.019%5Bdoi%5D,"Kiani-Alikhan S, Gower R, Craig T, Wedner HJ, Kinaciyan T, Aygören-Pürsün E, et al. Once-Daily Oral Berotralstat for Long-Term Prophylaxis of Hereditary Angioedema: The Open-Label Extension of the APEX-2 Randomized Trial. J Allergy Clin Immunol Pract. 2024;12(3):733-743.e10. doi: 10.1016/j.jaip.2023.12.019"
HAE_089,ref_048_10.12932_ap-220224-1792.pdf,haystack,107,Long LH,2024,Long-term outcome of C1-esterase inhibitor deficiency. Asian Pac J Allergy Immunol,,10.12932/ap-220224-1792,https://pubmed.ncbi.nlm.nih.gov/?term=10.12932/ap-220224-1792%5Bdoi%5D,"Long LH, Fujioka T, Craig TJ, Hitomi H. Long-term outcome of C1-esterase inhibitor deficiency. Asian Pac J Allergy Immunol. 2024;42(3):222-232. doi: 10.12932/ap-220224-1792"
HAE_025,NEJMoa2309149.pdf,haystack,108,Longhurst HJ,2024,CRISPR-Cas9 In Vivo Gene Editing of KLKB1 for Hereditary Angioedema. N Engl J Med,,10.1056/NEJMoa2309149,https://pubmed.ncbi.nlm.nih.gov/?term=10.1056/NEJMoa2309149%5Bdoi%5D,"Longhurst HJ, Lindsay K, Petersen RS, Fijen LM, Gurugama P, Maag D, et al. CRISPR-Cas9 In Vivo Gene Editing of KLKB1 for Hereditary Angioedema. N Engl J Med. 2024 Feb 1;390(5):432-441. doi: 10.1056/NEJMoa2309149"
,,haystack,109,Pagnier A,2024,Hereditary angioedema in children: Review and practical perspective for clinical management. Pediatr Allergy Immunol,,10.1111/pai.14268,https://pubmed.ncbi.nlm.nih.gov/?term=10.1111/pai.14268%5Bdoi%5D,"Pagnier A, Dermesropian A, Kevorkian-Verguet C, Bourgoin-Heck M, Hoarau C, Reumaux H, et al. Hereditary angioedema in children: Review and practical perspective for clinical management. Pediatr Allergy Immunol. 2024;35(5):e14268. doi: 10.1111/pai.14268"
HAE_015,Allergy - 2023 - Petersen - A phase 2 open‐label extension study of prekallikrein inhibition with donidalorsen for.pdf,haystack,110,Petersen RS,2024,A phase 2 open-label extension study of prekallikrein inhibition with donidalorsen for hereditary angioedema. Allergy,,10.1111/all.15948,https://pubmed.ncbi.nlm.nih.gov/?term=10.1111/all.15948%5Bdoi%5D,"Petersen RS, Bordone L, Riedl MA, Tachdjian R, Craig TJ, Lumry WR, et al. A phase 2 open-label extension study of prekallikrein inhibition with donidalorsen for hereditary angioedema. Allergy. 2024;79:724-734. doi: 10.1111/all.15948"
HAE_016,Allergy - 2023 - Petersen - Efficacy outcomes in trials with prophylactic hereditary angioedema therapy  A systematic.pdf,haystack,111,Petersen RS,2024,Efficacy outcomes in trials with prophylactic hereditary angioedema therapy: A systematic review. Allergy,,10.1111/all.15962,https://pubmed.ncbi.nlm.nih.gov/?term=10.1111/all.15962%5Bdoi%5D,"Petersen RS, Fijen LM, Cohn DM. Efficacy outcomes in trials with prophylactic hereditary angioedema therapy: A systematic review. Allergy. 2024. doi: 10.1111/all.15962"
,,haystack,112,Petersen RS,2024,Deucrictibant for angioedema due to acquired C1-inhibitor deficiency: A randomized-controlled trial. J Allergy Clin Immunol,,10.1016/j.jaci.2024.03.007,https://pubmed.ncbi.nlm.nih.gov/?term=10.1016/j.jaci.2024.03.007%5Bdoi%5D,"Petersen RS, Fijen LM, Kelder JP, Cohn DM. Deucrictibant for angioedema due to acquired C1-inhibitor deficiency: A randomized-controlled trial. J Allergy Clin Immunol. 2024;154:179-83. doi: 10.1016/j.jaci.2024.03.007"
,,haystack,113,Petersen RS,2024,Hereditary Angioedema: The Clinical Picture of Excessive Contact Activation. Semin Thromb Hemost,,10.1055/s-0042-1758820,https://pubmed.ncbi.nlm.nih.gov/?term=10.1055/s-0042-1758820%5Bdoi%5D,"Petersen RS, Fijen LM, Levi M, Cohn DM. Hereditary Angioedema: The Clinical Picture of Excessive Contact Activation. Semin Thromb Hemost. 2024;50(7):978-988. doi: 10.1055/s-0042-1758820"
,,haystack,114,Radojicic C,2024,Hereditary angioedema with normal C1 esterase inhibitor: Current paradigms and clinical dilemmas. Allergy Asthma Proc,,10.2500/aap.2024.45.240010,https://pubmed.ncbi.nlm.nih.gov/?term=10.2500/aap.2024.45.240010%5Bdoi%5D,"Radojicic C, Anderson J. Hereditary angioedema with normal C1 esterase inhibitor: Current paradigms and clinical dilemmas. Allergy Asthma Proc. 2024;45(3):147-157. doi: 10.2500/aap.2024.45.240010"
HAE_128,s00403-024-03652-3.pdf,haystack,115,Raja A,2024,Efficacy and safety of Donidalorsen in Hereditary Angioedema with C1 inhibitor deficiency: a systematic review and a meta analysis. Arch Dermatol Res,,10.1007/s00403-024-03652-3,https://pubmed.ncbi.nlm.nih.gov/?term=10.1007/s00403-024-03652-3%5Bdoi%5D,"Raja A, Shuja MH, Raja S, Qammar A, Kumar S, Khurram L, et al. Efficacy and safety of Donidalorsen in Hereditary Angioedema with C1 inhibitor deficiency: a systematic review and a meta analysis. Arch Dermatol Res. 2024. doi: 10.1007/s00403-024-03652-3"
HAE_036,PIIS1081120624004897.pdf,haystack,116,Smith TD,2024,The future of therapeutic options for hereditary angioedema. Ann Allergy Asthma Immunol,,10.1016/j.anai.2024.04.029,https://pubmed.ncbi.nlm.nih.gov/?term=10.1016/j.anai.2024.04.029%5Bdoi%5D,"Smith TD, Riedl MA. The future of therapeutic options for hereditary angioedema. Ann Allergy Asthma Immunol. 2024;133(4):380-390. doi: 10.1016/j.anai.2024.04.029"
,,haystack,117,Soteres D,2024,Berotralstat improved quality of life through 96 weeks across multiple subgroups of patients with hereditary angioedema. Allergy,,10.1111/all.16109,https://pubmed.ncbi.nlm.nih.gov/?term=10.1111/all.16109%5Bdoi%5D,"Soteres D, Lumry W, Magerl M, Gagnon R, Desai B, Tomita D, et al. Berotralstat improved quality of life through 96 weeks across multiple subgroups of patients with hereditary angioedema. Allergy. 2024;80:2361-70. doi: 10.1111/all.16109"
,,haystack,118,Tutunaru CV,2024,Unveiling the Complexities of Hereditary Angioedema. Biomolecules,,10.3390/biom14101298,https://pubmed.ncbi.nlm.nih.gov/?term=10.3390/biom14101298%5Bdoi%5D,"Tutunaru CV, Ică OM, Mitroi GG, Neagoe CD, Mitroi GF, Orzan OA, et al. Unveiling the Complexities of Hereditary Angioedema. Biomolecules. 2024;14(10):1298. doi: 10.3390/biom14101298"
,,haystack,119,Valerieva A,2024,Advent of oral medications for the treatment of hereditary angioedema. Clin Transl Allergy,,10.1002/clt2.12391,https://pubmed.ncbi.nlm.nih.gov/?term=10.1002/clt2.12391%5Bdoi%5D,"Valerieva A, Caballero T, Magerl M, Frade JP, Audhya PK, Craig T. Advent of oral medications for the treatment of hereditary angioedema. Clin Transl Allergy. 2024;14(9):e12391. doi: 10.1002/clt2.12391"
HAE_091,ref_051_10.1186_s12967-024-05216-5.pdf,haystack,120,Wisniewski P,2024,Recent advances in the discovery and development of drugs targeting the kallikrein-kinin system. J Transl Med,,10.1186/s12967-024-05216-5,https://pubmed.ncbi.nlm.nih.gov/?term=10.1186/s12967-024-05216-5%5Bdoi%5D,"Wisniewski P, Gangnus T, Burckhardt BB. Recent advances in the discovery and development of drugs targeting the kallikrein-kinin system. J Transl Med. 2024;22:388. doi: 10.1186/s12967-024-05216-5"
HAE_071,ref_019_10.1186_s12955-025-02342-6.pdf,haystack,121,Baroni I,2025,A COSMIN systematic review of instruments for evaluating health-related quality of life in people with Hereditary Angioedema. Health Qual Life Outcomes,,10.1186/s12955-025-02342-6,https://pubmed.ncbi.nlm.nih.gov/?term=10.1186/s12955-025-02342-6%5Bdoi%5D,"Baroni I, Paglione G, De Angeli G, Angolani M, Callus E, Magon A, et al. A COSMIN systematic review of instruments for evaluating health-related quality of life in people with Hereditary Angioedema. Health Qual Life Outcomes. 2025;23(1):12. doi: 10.1186/s12955-025-02342-6"
HAE_039,PIIS2213219825002090.pdf,haystack,122,Christiansen SC,2025,Hereditary Angioedema With Normal C1 Inhibitor: A Quarter Century of Forward Progress and Persisting Obstacles. J Allergy Clin Immunol Pract,,10.1016/j.jaip.2025.02.036,https://pubmed.ncbi.nlm.nih.gov/?term=10.1016/j.jaip.2025.02.036%5Bdoi%5D,"Christiansen SC, Banerji A, Bernstein JA, Busse PJ, Craig T, Li HH, et al. Hereditary Angioedema With Normal C1 Inhibitor: A Quarter Century of Forward Progress and Persisting Obstacles. J Allergy Clin Immunol Pract. 2025;13(6):1300-9. doi: 10.1016/j.jaip.2025.02.036"
HAE_062,ref_002_10.1016_j.jaci.2024.12.1079.pdf,haystack,123,Cohn DM,2025,Interplay between on-demand treatment trials for hereditary angioedema and treatment guidelines. J Allergy Clin Immunol,,10.1016/j.jaci.2024.12.1079,https://pubmed.ncbi.nlm.nih.gov/?term=10.1016/j.jaci.2024.12.1079%5Bdoi%5D,"Cohn DM, Soteres DF, Craig TJ, Lumry WR, Magerl M, Riedl MA, et al. Interplay between on-demand treatment trials for hereditary angioedema and treatment guidelines. J Allergy Clin Immunol. 2025;155:726-39. doi: 10.1016/j.jaci.2024.12.1079"
HAE_132,s40265-025-02180-2.pdf,haystack,124,Fung S,2025,Garadacimab: First Approval. Drugs,,10.1007/s40265-025-02180-2,https://pubmed.ncbi.nlm.nih.gov/?term=10.1007/s40265-025-02180-2%5Bdoi%5D,Fung S. Garadacimab: First Approval. Drugs. 2025;85:827-832. doi: 10.1007/s40265-025-02180-2
HAE_088,ref_046_10.1007_s10875-025-01912-z.pdf,haystack,125,Gao H,2025,Expanding the Genetic and Clinical Spectrum of Hereditary Angioedema with Normal C1 Inhibitor: Novel Variants and Treatment Insights. J Clin Immunol,,10.1007/s10875-025-01912-z,https://pubmed.ncbi.nlm.nih.gov/?term=10.1007/s10875-025-01912-z%5Bdoi%5D,"Gao H, Zhao Y, Chen S, Zhang Z, Yang F, Chen Z, et al. Expanding the Genetic and Clinical Spectrum of Hereditary Angioedema with Normal C1 Inhibitor: Novel Variants and Treatment Insights. J Clin Immunol. 2025;45:124. doi: 10.1007/s10875-025-01912-z"
HAE_085,ref_040_10.3389_fimmu.2025.1605727.pdf,haystack,126,Germenis AE,2025,Incidental findings related to genes associated to HAE-nC1INH: how to proceed? Front Immunol. 2025;16:1605727,doi:,10.3389/fimmu.2025.1605727,https://pubmed.ncbi.nlm.nih.gov/?term=10.3389/fimmu.2025.1605727%5Bdoi%5D,"Germenis AE, Sanoudou D. Incidental findings related to genes associated to HAE-nC1INH: how to proceed? Front Immunol. 2025;16:1605727. doi: 10.3389/fimmu.2025.1605727"
HAE_028,PIIS0091674924023534.pdf,haystack,127,Ghosh D,2025,Clinical response and corresponding blood transcriptome pathways before and after treatment of hereditary angioedema prodromes compared to active swelling attacks. J Allergy Clin Immunol,,10.1016/j.jaci.2024.11.035,https://pubmed.ncbi.nlm.nih.gov/?term=10.1016/j.jaci.2024.11.035%5Bdoi%5D,"Ghosh D, Anderson J, Singh U, Bernstein CK, Bernstein JA. Clinical response and corresponding blood transcriptome pathways before and after treatment of hereditary angioedema prodromes compared to active swelling attacks. J Allergy Clin Immunol. 2025;155:947-55. doi: 10.1016/j.jaci.2024.11.035"
HAE_087,ref_043_10.1016_j.waojou.2025.101060.pdf,haystack,128,Grumach AS,2025,"Hereditary angioedema diagnosis: Reflecting on the past, envisioning the future. World Allergy Organ J",,10.1016/j.waojou.2025.101060,https://pubmed.ncbi.nlm.nih.gov/?term=10.1016/j.waojou.2025.101060%5Bdoi%5D,"Grumach AS, Riedl MA, Cheng L, Jain S, Estepan DN, Zanichelli A. Hereditary angioedema diagnosis: Reflecting on the past, envisioning the future. World Allergy Organ J. 2025;18(6):101060. doi: 10.1016/j.waojou.2025.101060"
HAE_086,ref_041_10.3389_fimmu.2025.1502325.pdf,haystack,129,Riedl MA,2025,"Lanadelumab for prevention of attacks of non-histaminergic normal C1 inhibitor angioedema: results from the randomized, double-blind CASPIAN Study and CASPIAN open-label extension. Front Immunol",,10.3389/fimmu.2025.1502325,https://pubmed.ncbi.nlm.nih.gov/?term=10.3389/fimmu.2025.1502325%5Bdoi%5D,"Riedl MA, Staubach P, Farkas H, Zanichelli A, Ren H, Nurse C, et al. Lanadelumab for prevention of attacks of non-histaminergic normal C1 inhibitor angioedema: results from the randomized, double-blind CASPIAN Study and CASPIAN open-label extension. Front Immunol. 2025;16:1502325. doi: 10.3389/fimmu.2025.1502325"
HAE_070,ref_018_10.1007_s40268-025-00511-y.pdf,haystack,130,Walsh S,2025,Network Meta-Analysis of Pharmacological Therapies for Long-Term Prophylactic Treatment of Patients with Hereditary Angioedema. Drugs R D,,10.1007/s40268-025-00511-y,https://pubmed.ncbi.nlm.nih.gov/?term=10.1007/s40268-025-00511-y%5Bdoi%5D,"Walsh S, Bartlett M, Salvo-Halloran EM, Sears J, Li Y, Kelly M, et al. Network Meta-Analysis of Pharmacological Therapies for Long-Term Prophylactic Treatment of Patients with Hereditary Angioedema. Drugs R D. 2025;25:161-178. doi: 10.1007/s40268-025-00511-y"
,,haystack,131,Walsh S,2025,Matching-adjusted indirect comparison between garadacimab and lanadelumab for the long-term prophylactic treatment of patients with hereditary angioedema. J Comp Eff Res,,10.57264/cer-2024-0237,https://pubmed.ncbi.nlm.nih.gov/?term=10.57264/cer-2024-0237%5Bdoi%5D,"Walsh S, Haltner A, Bartlett M, Sears J, Li Y, Kelly M, et al. Matching-adjusted indirect comparison between garadacimab and lanadelumab for the long-term prophylactic treatment of patients with hereditary angioedema. J Comp Eff Res. 2025. doi: 10.57264/cer-2024-0237"
,,haystack,132,Watt M,2025,Indirect treatment comparison of lanadelumab and a C1-esterase inhibitor in pediatric patients with hereditary angioedema. J Comp Eff Res,,10.57264/cer-2024-0110,https://pubmed.ncbi.nlm.nih.gov/?term=10.57264/cer-2024-0110%5Bdoi%5D,"Watt M, Goldgrub R, Malmenäs M, Haeussler K. Indirect treatment comparison of lanadelumab and a C1-esterase inhibitor in pediatric patients with hereditary angioedema. J Comp Eff Res. 2025;e240110. doi: 10.57264/cer-2024-0110"
HAE_020,Hereditary angioedema treatment beyond biologics  current state of preventive and on-demand approaches and new perspectives.pdf,haystack,133,Zanichelli A,2025,Hereditary angioedema treatment beyond biologics: current state of preventive and on-demand approaches and new perspectives. Expert Opin Pharmacother,,10.1080/14656566.2025.2509782,https://pubmed.ncbi.nlm.nih.gov/?term=10.1080/14656566.2025.2509782%5Bdoi%5D,"Zanichelli A, De Angeli G, Baroni I, Mansi M, Caravella G, Caruso R. Hereditary angioedema treatment beyond biologics: current state of preventive and on-demand approaches and new perspectives. Expert Opin Pharmacother. 2025;26(10):1221-1228. doi: 10.1080/14656566.2025.2509782"
HAE_061,ref_001_10.1007_s12016-025-09027-4.pdf,haystack,134,Zuraw BL,2025,"Hereditary Angioedema with Normal C1 Inhibitor: an Updated International Consensus Paper on Diagnosis, Pathophysiology, and Treatment. Clin Rev Allergy Immunol",,10.1007/s12016-025-09027-4,https://pubmed.ncbi.nlm.nih.gov/?term=10.1007/s12016-025-09027-4%5Bdoi%5D,"Zuraw BL, Bork K, Bouillet L, Christiansen SC, Farkas H, Germenis AE, et al. Hereditary Angioedema with Normal C1 Inhibitor: an Updated International Consensus Paper on Diagnosis, Pathophysiology, and Treatment. Clin Rev Allergy Immunol. 2025. doi: 10.1007/s12016-025-09027-4"
DISTRACTOR_001,usaf380.pdf,haystack_distractor,,,,,,,,
HAE_010,1669-9106-medba-85-02-376.pdf,haystack,,,,,,,,
HAE_012,Advances in the Pathogenesis of Hereditary Angioedema.pdf,haystack,,,,,,,,
HAE_017,Allergy - 2024 - Giannetti - Mast cell activation identified through urine mediators.pdf,haystack,,,,,,,,
HAE_044,fonseca2014.pdf,haystack,,,,,,,,
HAE_057,nihms768922.pdf,haystack,,,,,,,,
HAE_058,pdf_96.pdf,haystack,,,,,,,,
HAE_063,ref_003_PMC9803817.pdf,haystack,,,,,,,,
HAE_064,ref_007_PMC9023902.pdf,haystack,,,,,,,,
HAE_068,ref_013_PMC5248622.pdf,haystack,,,,,,,,
HAE_069,ref_014_PMC4449776.pdf,haystack,,,,,,,,
HAE_072,ref_020_PMC11629734.pdf,haystack,,,,,,,,
HAE_073,ref_023_PMC10402909.pdf,haystack,,,,,,,,
HAE_075,ref_025_PMC10199490.pdf,haystack,,,,,,,,
HAE_077,ref_027_PMC10040818.pdf,haystack,,,,,,,,
HAE_078,ref_028_PMC10010185.pdf,haystack,,,,,,,,
HAE_079,ref_031_PMC8125999.pdf,haystack,,,,,,,,
HAE_080,ref_033_PMC4538593.pdf,haystack,,,,,,,,
HAE_081,ref_036_PMC11536504.pdf,haystack,,,,,,,,
HAE_082,ref_037_PMC11590746.pdf,haystack,,,,,,,,
HAE_083,ref_038_PMC11773901.pdf,haystack,,,,,,,,
HAE_084,ref_039_PMC12308543.pdf,haystack,,,,,,,,
HAE_090,ref_050_PMC11407848.pdf,haystack,,,,,,,,
HAE_092,ref_055_PMC11506744.pdf,haystack,,,,,,,,
HAE_093,ref_056_PMC11537475.pdf,haystack,,,,,,,,
HAE_094,ref_057_PMC11431061.pdf,haystack,,,,,,,,
HAE_097,ref_068_PMC10478326.pdf,haystack,,,,,,,,
HAE_099,ref_071_10.1016_j.revmed.2023.01.020.pdf,haystack,,,,,,,,
HAE_101,ref_073_PMC10419085.pdf,haystack,,,,,,,,
HAE_102,ref_075_PMC10336685.pdf,haystack,,,,,,,,
HAE_106,ref_080_PMC8967273.pdf,haystack,,,,,,,,
HAE_114,ref_101_PMC6851661.pdf,haystack,,,,,,,,
HAE_115,ref_102_PMC6348991.pdf,haystack,,,,,,,,
HAE_116,ref_103_PMC6332742.pdf,haystack,,,,,,,,
HAE_118,ref_108_PMC6064723.pdf,haystack,,,,,,,,
HAE_121,ref_113_PMC5575527.pdf,haystack,,,,,,,,
HAE_124,ref_126_PMC4859422.pdf,haystack,,,,,,,,
HAE_125,ref_128_PMC4755045.pdf,haystack,,,,,,,,
HAE_131,s2.pdf,haystack,,,,,,,,
HAE_139,zuraw2021.pdf,haystack,,,,,,,,
HOLDOUT_001,1-s2.0-S0168165625001385-main.pdf,needle_holdout,,,,,,,,
HOLDOUT_002,1-s2.0-S0196978126000033-main.pdf,needle_holdout,,,,,,,,
HOLDOUT_003,1-s2.0-S0952791525001293-main.pdf,needle_holdout,,,,,,,,
HOLDOUT_004,PIIS092318112600054X.pdf,needle_holdout,,,,,,,,
HOLDOUT_005,PIIS2352302625003412.pdf,needle_holdout,,,,,,,,
